{"cameraMode":{"drawMode":0,"name":"Shaded","section":"Shading Mode"},"sceneLighting":true,"audioPlay":false,"sceneViewState":{"m_AlwaysRefresh":false,"showFog":true,"showSkybox":true,"showFlares":true,"showImageEffects":true,"showParticleSystems":true,"showVisualEffectGraphs":true,"m_FxEnabled":true},"in2DMode":false,"pivot":{"x":123.62197875976563,"y":29.610395431518556,"z":22.701723098754884},"rotation":{"x":-0.04645844176411629,"y":-0.8334455490112305,"z":-0.07129738479852677,"w":0.5462269186973572},"size":45.05974578857422,"orthographic":false}