{"cameraMode":{"drawMode":0,"name":"Shaded","section":"Shading Mode"},"sceneLighting":false,"audioPlay":false,"sceneViewState":{"m_AlwaysRefresh":false,"showFog":true,"showSkybox":false,"showFlares":true,"showImageEffects":true,"showParticleSystems":true,"showVisualEffectGraphs":true,"m_FxEnabled":true},"in2DMode":false,"pivot":{"x":-61.099998474121097,"y":-0.10000000149011612,"z":15.399999618530274},"rotation":{"x":0.535112738609314,"y":-0.4650155305862427,"z":0.49160099029541018,"w":0.5059373378753662},"size":12.176180839538575,"orthographic":false}